respondent_id,age_band,response
R0001,65+,"It is on my list, honestly it is, no one told me I was even eligible, I do not trust big pharma, full stop."
R0002,65+,The booking line was engaged every time I rang!
R0003,18-39,"If I am honest, I heard nothing from anybody about it."
R0004,18-39,"Truthfully, my shifts never line up with their opening hours!"
R0005,18-39,"To be fair, my doctor explained it and I was happy, that is about the size of it."
R0006,18-39,"If I am honest, my nurse recommended it twice, make of that what you will."
R0007,40-64,"Put it this way, the staff were perfectly polite."
R0008,65+,"If I am honest, I keep meaning to book it and forgetting, nothing else to add really!"
R0009,65+,"The staff were perfectly polite, hard to explain any better than that."
R0010,65+,I just do not think it is necessary.
R0011,65+,"If I am honest, was made to feel stupid for asking a question."
R0012,65+,"Well, the nearest centre is forty miles away, it is on my list, honestly it is, anyway, that is my reason."
R0013,40-64,"Truthfully, I just do not think it is necessary."
R0014,65+,"Truthfully, I will do it next month, probably."
R0015,40-64,They talked over me like I was not there.
R0016,65+,"My doctor explained it and I was happy, make of that what you will."
R0017,18-39,Childcare makes a weekday appointment impossible!
R0018,18-39,"To be fair, nobody would explain anything to me properly."
R0019,18-39,"No religious reason, I simply forgot."
R0020,18-39,"It is on my list, honestly it is!"
R0021,65+,"Truthfully, they talked over me like I was not there."
R0022,18-39,"Kept putting it off for no good reason, anyway, that is my reason."
R0023,18-39,Nobody ever suggested I should have it.
R0024,18-39,"I would have had to pay for parking twice over, nothing else to add really."
R0025,18-39,"Look, I decided against it deliberately, that is about the size of it!"
R0026,18-39,"The clinic closes at five and I work two jobs, just have not got round to it yet."
R0027,18-39,"Look, I decided against it deliberately, that is about the size of it."
R0028,65+,"I do not trust big pharma, full stop, that is about the size of it."
R0029,65+,"Honestly, I will do it next month, probably!"
R0030,40-64,"If I am honest, just have not got round to it yet!"
R0031,18-39,"If I am honest, no religious reason, I simply forgot."
R0032,18-39,"I will do it next month, probably!"
R0033,18-39,"To be fair, the receptionist was dismissive and rude, I keep meaning to book it and forgetting."
R0034,18-39,"Look, I felt patronised for the whole visit!"
R0035,18-39,"Well, not one person in the surgery mentioned it, nothing else to add really."
R0036,40-64,"I just do not think it is necessary, make of that what you will!"
R0037,40-64,"I will do it next month, probably, anyway, that is my reason!"
R0038,18-39,I decided against it deliberately!
R0039,65+,"If I am honest, I will do it next month, probably, I heard nothing from anybody about it."
R0040,18-39,"If I am honest, the nearest centre is forty miles away, it is complicated."
R0041,40-64,"Look, I heard nothing from anybody about it, I will do it next month, probably, anyway, that is my reason."
R0042,65+,"Look, no religious reason, I simply forgot, it is complicated."
R0043,65+,"If I am honest, my nurse recommended it twice, hard to explain any better than that."
R0044,40-64,"Put it this way, the manufacturers have lied before and got away with it."
R0045,40-64,My nurse recommended it twice!
R0046,18-39,"If I am honest, the staff were perfectly polite."
R0047,65+,"Put it this way, my doctor explained it and I was happy."
R0048,40-64,I just do not think it is necessary!
R0049,18-39,"If I am honest, nobody would explain anything to me properly, that is about the size of it."
R0050,18-39,My shifts never line up with their opening hours!
R0051,18-39,"Put it this way, I would have had to pay for parking twice over, hard to explain any better than that."
R0052,18-39,There is no bus out here and I do not drive.
R0053,65+,"Look, the booking line was engaged every time I rang, make of that what you will."
R0054,18-39,"My doctor explained it and I was happy, it is complicated!"
R0055,40-64,"To be fair, childcare makes a weekday appointment impossible!"
R0056,40-64,"Just have not got round to it yet, hard to explain any better than that."
R0057,18-39,"Well, I leave these things in God's hands, the clinic closes at five and I work two jobs, nothing else to add really!"
R0058,40-64,"Honestly, the manufacturers have lied before and got away with it, make of that what you will!"
R0059,18-39,"Could not get the time off work for it, no one told me I was even eligible, make of that what you will!"
R0060,65+,The manufacturers have lied before and got away with it.
R0061,40-64,Could not get the time off work for it.
R0062,40-64,"My nurse recommended it twice, hard to explain any better than that."
R0063,65+,Childcare makes a weekday appointment impossible.
R0064,40-64,"If I am honest, could not get the time off work for it, make of that what you will."
R0065,18-39,"I keep meaning to book it and forgetting, hard to explain any better than that!"
R0066,40-64,"Look, the staff were perfectly polite."
R0067,65+,"I just do not think it is necessary, nothing else to add really!"
R0068,18-39,"Truthfully, no religious reason, I simply forgot."
R0069,18-39,"To be fair, the drug companies only care about profit, the nearest centre is forty miles away."
R0070,40-64,"Honestly, the clinic closes at five and I work two jobs."
R0071,65+,"The staff were perfectly polite, anyway, that is my reason."
R0072,65+,"Put it this way, my nurse recommended it twice, make of that what you will."
R0073,65+,My doctor explained it and I was happy.
R0074,65+,"My nurse recommended it twice, nothing else to add really."
R0075,40-64,"Honestly, was made to feel stupid for asking a question!"
R0076,65+,"My doctor explained it and I was happy, that is about the size of it."
R0077,18-39,"To be fair, I decided against it deliberately."
R0078,65+,"If I am honest, it is on my list, honestly it is!"
R0079,40-64,"Look, I heard nothing from anybody about it, my church teaches against it."
R0080,40-64,"Honestly, I just do not think it is necessary, that is about the size of it."
R0081,40-64,"To be fair, it is on my list, honestly it is, the clinic closes at five and I work two jobs."
R0082,40-64,"If I am honest, I would have had to pay for parking twice over!"
R0083,65+,"They rushed it out to make money, just have not got round to it yet."
R0084,65+,"Put it this way, childcare makes a weekday appointment impossible, hard to explain any better than that."
R0085,65+,"If I am honest, nobody would explain anything to me properly!"
R0086,65+,No one told me I was even eligible!
R0087,40-64,"Look, nobody would explain anything to me properly."
R0088,40-64,"No religious reason, I simply forgot, it is complicated."
R0089,18-39,"Honestly, the receptionist was dismissive and rude."
R0090,18-39,"The manufacturers have lied before and got away with it, I will do it next month, probably!"
R0091,18-39,"Look, there is no bus out here and I do not drive, it is complicated."
R0092,18-39,"It is on my list, honestly it is, there is no bus out here and I do not drive, it is complicated."
R0093,18-39,"My nurse recommended it twice, it is complicated."
R0094,65+,"Honestly, could not get the time off work for it, hard to explain any better than that."
R0095,18-39,"Put it this way, I decided against it deliberately, it is complicated!"
R0096,18-39,"Just have not got round to it yet, the nearest centre is forty miles away."
R0097,40-64,"To be fair, they talked over me like I was not there!"
R0098,65+,"I would have had to pay for parking twice over, I do not trust big pharma, full stop, it is complicated."
R0099,65+,"Honestly, kept putting it off for no good reason."
R0100,18-39,"The nearest centre is forty miles away, kept putting it off for no good reason, no one told me I was even eligible."
R0101,65+,"Nobody would explain anything to me properly, nothing else to add really."
R0102,18-39,"Truthfully, the manufacturers have lied before and got away with it, that is about the size of it."
R0103,40-64,I felt patronised for the whole visit.
R0104,18-39,I decided against it deliberately.
R0105,18-39,"Honestly, nobody ever suggested I should have it!"
R0106,18-39,"Well, I keep meaning to book it and forgetting, make of that what you will."
R0107,65+,"The manufacturers have lied before and got away with it, could not get the time off work for it."
R0108,18-39,"Put it this way, my nurse recommended it twice!"
R0109,18-39,"Honestly, kept putting it off for no good reason, nobody would explain anything to me properly."
R0110,18-39,"The staff were perfectly polite, hard to explain any better than that!"
R0111,65+,"Nobody would explain anything to me properly, it is complicated."
R0112,18-39,The staff were perfectly polite.
R0113,40-64,The clinic closes at five and I work two jobs!
R0114,18-39,"Could not get the time off work for it, there is too much money in it for me to believe them, kept putting it off for no good reason, nobody would explain anything to me properly, hard to explain any better than that."
R0115,18-39,"I will do it next month, probably, anyway, that is my reason."
R0116,40-64,"No religious reason, I simply forgot!"
R0117,40-64,"I just do not think it is necessary, it is complicated!"
R0118,40-64,"Look, nobody ever suggested I should have it, the nearest centre is forty miles away, make of that what you will."
R0119,65+,"If I am honest, no religious reason, I simply forgot!"
R0120,18-39,"My shifts never line up with their opening hours, I keep meaning to book it and forgetting, nothing else to add really."
R0121,18-39,"Follow the money and you have your answer, it is complicated."
R0122,18-39,"Put it this way, nobody would explain anything to me properly."
R0123,65+,"To be fair, I just do not think it is necessary, anyway, that is my reason."
R0124,18-39,"Look, I just do not think it is necessary!"
R0125,65+,"Honestly, the booking line was engaged every time I rang!"
R0126,65+,"Well, I do not trust big pharma, full stop, make of that what you will."
R0127,40-64,"Well, they talked over me like I was not there, nobody ever suggested I should have it, nothing else to add really."
R0128,65+,"Truthfully, I heard nothing from anybody about it!"
R0129,65+,"Truthfully, the booking line was engaged every time I rang."
R0130,18-39,My GP never brought it up.
R0131,65+,"Honestly, the staff were perfectly polite!"
R0132,65+,Nobody ever suggested I should have it!
R0133,65+,"Honestly, no religious reason, I simply forgot, anyway, that is my reason!"
R0134,65+,"To be fair, my nurse recommended it twice!"
R0135,65+,"I will do it next month, probably."
R0136,18-39,"I felt patronised for the whole visit, anyway, that is my reason."
R0137,40-64,My nurse recommended it twice.
R0138,18-39,"I will do it next month, probably, the booking line was engaged every time I rang, it is complicated."
R0139,65+,"Truthfully, I just do not think it is necessary!"
R0140,65+,"Put it this way, I just do not think it is necessary!"
R0141,18-39,"I just do not think it is necessary, hard to explain any better than that."
R0142,18-39,"Look, the staff were perfectly polite!"
R0143,40-64,"To be fair, I just do not think it is necessary."
R0144,18-39,"Look, kept putting it off for no good reason."
R0145,18-39,My church teaches against it.
R0146,18-39,"Truthfully, the nearest centre is forty miles away, I heard nothing from anybody about it!"
R0147,65+,"Well, I just do not think it is necessary."
R0148,65+,"Well, I would have had to pay for parking twice over, nothing else to add really."
R0149,40-64,"There is too much money in it for me to believe them, childcare makes a weekday appointment impossible!"
R0150,40-64,The drug companies only care about profit.
R0151,18-39,"Look, I decided against it deliberately, it is complicated."
R0152,65+,"Honestly, I decided against it deliberately, anyway, that is my reason!"
R0153,40-64,"Put it this way, they talked over me like I was not there."
R0154,40-64,"Truthfully, I decided against it deliberately, nothing else to add really!"
R0155,40-64,"Well, follow the money and you have your answer!"
R0156,65+,"Truthfully, my doctor explained it and I was happy."
R0157,65+,"Well, no religious reason, I simply forgot, anyway, that is my reason!"
R0158,65+,"My doctor explained it and I was happy, it is complicated."
R0159,65+,"My GP never brought it up, follow the money and you have your answer."
R0160,18-39,Was made to feel stupid for asking a question.
R0161,18-39,"Honestly, I just do not think it is necessary, make of that what you will!"
R0162,65+,"There is no bus out here and I do not drive, I felt patronised for the whole visit, no one told me I was even eligible, it is complicated."
R0163,40-64,"If I am honest, follow the money and you have your answer, not one person in the surgery mentioned it!"
R0164,18-39,"If I am honest, my nurse recommended it twice, nothing else to add really!"
R0165,40-64,"To be fair, I will do it next month, probably!"
R0166,18-39,"If I am honest, the drug companies only care about profit, my church teaches against it, that is about the size of it!"
R0167,65+,"Look, it goes against my faith."
R0168,40-64,"If I am honest, I decided against it deliberately."
R0169,65+,"Well, the drug companies only care about profit."
R0170,65+,"Childcare makes a weekday appointment impossible, make of that what you will."
R0171,40-64,"Could not get the time off work for it, nothing else to add really!"
R0172,65+,"Look, could not get the time off work for it!"
R0173,40-64,"Put it this way, childcare makes a weekday appointment impossible, hard to explain any better than that!"
R0174,18-39,"My GP never brought it up, that is about the size of it."
R0175,65+,"They rushed it out to make money, I will do it next month, probably, nothing else to add really."
R0176,18-39,"Honestly, I heard nothing from anybody about it, it is complicated!"
R0177,18-39,"The drug companies only care about profit, it is on my list, honestly it is."
R0178,18-39,"Was made to feel stupid for asking a question, kept putting it off for no good reason."
R0179,65+,Kept putting it off for no good reason.
R0180,65+,My GP never brought it up!
R0181,65+,"Well, just have not got round to it yet."
R0182,40-64,"The nearest centre is forty miles away, it is complicated."
R0183,18-39,"Truthfully, nobody would explain anything to me properly."
R0184,40-64,"Well, my doctor explained it and I was happy, it is complicated."
R0185,40-64,"Well, they talked over me like I was not there."
R0186,40-64,"My GP never brought it up, nothing else to add really."
R0187,65+,"I decided against it deliberately, anyway, that is my reason!"
R0188,65+,"Put it this way, nobody ever suggested I should have it, hard to explain any better than that!"
R0189,18-39,"Look, my doctor explained it and I was happy, hard to explain any better than that!"
R0190,18-39,"Put it this way, could not get the time off work for it, that is about the size of it!"
R0191,18-39,"Truthfully, I felt patronised for the whole visit, hard to explain any better than that."
R0192,65+,"The nearest centre is forty miles away, that is about the size of it!"
R0193,65+,"Put it this way, nobody ever suggested I should have it, the drug companies only care about profit!"
R0194,65+,"Kept putting it off for no good reason, that is about the size of it!"
R0195,65+,"Well, I keep meaning to book it and forgetting!"
R0196,18-39,"If I am honest, I just do not think it is necessary, anyway, that is my reason."
R0197,18-39,"Look, just have not got round to it yet, it is complicated."
R0198,65+,"Well, the nearest centre is forty miles away, nobody would explain anything to me properly."
R0199,18-39,My doctor explained it and I was happy!
R0200,40-64,"If I am honest, there is too much money in it for me to believe them, anyway, that is my reason."
R0201,18-39,"Honestly, my doctor explained it and I was happy, it is complicated."
R0202,65+,"Honestly, no religious reason, I simply forgot, hard to explain any better than that!"
R0203,18-39,"If I am honest, it goes against my faith."
R0204,40-64,"Well, I do not trust big pharma, full stop, there is no bus out here and I do not drive!"
R0205,65+,"Look, I just do not think it is necessary, make of that what you will."
R0206,18-39,"Put it this way, the receptionist was dismissive and rude, make of that what you will."
R0207,40-64,"Not one person in the surgery mentioned it, hard to explain any better than that!"
R0208,40-64,"Look, there is too much money in it for me to believe them."
R0209,65+,"The receptionist was dismissive and rude, that is about the size of it!"
R0210,40-64,"Was made to feel stupid for asking a question, I will do it next month, probably."
R0211,40-64,"To be fair, I felt patronised for the whole visit, it is complicated!"
R0212,40-64,"Look, the manufacturers have lied before and got away with it, I keep meaning to book it and forgetting, nobody would explain anything to me properly, that is about the size of it!"
R0213,65+,"To be fair, I just do not think it is necessary, hard to explain any better than that!"
R0214,40-64,"Well, my nurse recommended it twice."
R0215,18-39,"Look, I keep meaning to book it and forgetting."
R0216,65+,The staff were perfectly polite!
R0217,40-64,"Put it this way, not one person in the surgery mentioned it, nothing else to add really."
R0218,40-64,"Nobody ever suggested I should have it, nothing else to add really!"
R0219,40-64,"If I am honest, not one person in the surgery mentioned it."
R0220,40-64,"I just do not think it is necessary, make of that what you will."
R0221,40-64,"My nurse recommended it twice, make of that what you will!"
R0222,40-64,"If I am honest, there is no bus out here and I do not drive, kept putting it off for no good reason, that is about the size of it."
R0223,40-64,"Look, I decided against it deliberately, it is complicated!"
R0224,65+,"There is no bus out here and I do not drive, hard to explain any better than that."
R0225,18-39,"Could not get the time off work for it, it is complicated."
R0226,18-39,"Well, I decided against it deliberately, anyway, that is my reason."
R0227,40-64,"The receptionist was dismissive and rude, hard to explain any better than that."
R0228,40-64,"Truthfully, I just do not think it is necessary, anyway, that is my reason!"
R0229,40-64,"Truthfully, my nurse recommended it twice, that is about the size of it!"
R0230,18-39,"Honestly, my doctor explained it and I was happy, anyway, that is my reason."
R0231,40-64,"Honestly, I decided against it deliberately, make of that what you will!"
R0232,40-64,"Nobody would explain anything to me properly, it is on my list, honestly it is."
R0233,18-39,"Put it this way, no religious reason, I simply forgot, it is complicated."
R0234,65+,"Put it this way, I would have had to pay for parking twice over, make of that what you will."
R0235,40-64,"To be fair, I do not trust big pharma, full stop."
R0236,40-64,It goes against my faith!
R0237,18-39,"Well, my GP never brought it up, nothing else to add really."
R0238,40-64,"I heard nothing from anybody about it, was made to feel stupid for asking a question."
R0239,65+,"If I am honest, I decided against it deliberately!"
R0240,18-39,"My nurse recommended it twice, make of that what you will."
R0241,40-64,"Look, the booking line was engaged every time I rang, nothing else to add really."
R0242,65+,"Honestly, the drug companies only care about profit, my GP never brought it up."
R0243,18-39,"Honestly, I keep meaning to book it and forgetting."
R0244,18-39,"Truthfully, I keep meaning to book it and forgetting, the drug companies only care about profit, that is about the size of it."
R0245,40-64,"Look, no religious reason, I simply forgot, that is about the size of it."
R0246,65+,"My GP never brought it up, the nearest centre is forty miles away, hard to explain any better than that!"
R0247,18-39,"To be fair, the drug companies only care about profit."
R0248,65+,"Honestly, I decided against it deliberately, hard to explain any better than that."
R0249,18-39,"Well, the staff were perfectly polite."
R0250,65+,"To be fair, I leave these things in God's hands, hard to explain any better than that."
R0251,18-39,The manufacturers have lied before and got away with it!
R0252,18-39,"If I am honest, could not get the time off work for it, I do not trust big pharma, full stop, I felt patronised for the whole visit, nothing else to add really!"
R0253,40-64,"To be fair, my shifts never line up with their opening hours, nothing else to add really!"
R0254,40-64,"Look, the staff were perfectly polite, hard to explain any better than that."
R0255,40-64,"Look, my nurse recommended it twice!"
R0256,18-39,"Look, there is no bus out here and I do not drive, it is on my list, honestly it is."
R0257,18-39,"Well, there is too much money in it for me to believe them!"
R0258,18-39,"Honestly, my doctor explained it and I was happy, nothing else to add really."
R0259,18-39,"If I am honest, I decided against it deliberately, it is complicated."
R0260,18-39,"To be fair, my nurse recommended it twice."
R0261,18-39,"Honestly, the clinic closes at five and I work two jobs, nothing else to add really."
R0262,18-39,"I will do it next month, probably, hard to explain any better than that."
R0263,65+,"Look, could not get the time off work for it, nothing else to add really."
R0264,40-64,"If I am honest, the staff were perfectly polite!"
R0265,40-64,"Truthfully, it is on my list, honestly it is."
R0266,40-64,"Honestly, no religious reason, I simply forgot."
R0267,65+,"Honestly, not one person in the surgery mentioned it, make of that what you will!"
R0268,65+,"The booking line was engaged every time I rang, hard to explain any better than that."
R0269,18-39,"To be fair, my doctor explained it and I was happy."
R0270,40-64,Not one person in the surgery mentioned it.
R0271,40-64,"I decided against it deliberately, hard to explain any better than that."
R0272,18-39,"Follow the money and you have your answer, nobody ever suggested I should have it, my shifts never line up with their opening hours, I keep meaning to book it and forgetting."
R0273,65+,There is no bus out here and I do not drive!
R0274,65+,"Put it this way, the booking line was engaged every time I rang, the receptionist was dismissive and rude!"
R0275,65+,"There is too much money in it for me to believe them, the receptionist was dismissive and rude, nothing else to add really."
R0276,40-64,"My shifts never line up with their opening hours, I do not trust big pharma, full stop."
R0277,40-64,"Well, my nurse recommended it twice, make of that what you will."
R0278,40-64,"Truthfully, follow the money and you have your answer!"
R0279,18-39,"I will do it next month, probably, the nearest centre is forty miles away."
R0280,65+,"Honestly, my church teaches against it, nothing else to add really."
R0281,40-64,"If I am honest, they talked over me like I was not there, hard to explain any better than that."
R0282,40-64,"I will do it next month, probably, hard to explain any better than that!"
R0283,18-39,"Well, could not get the time off work for it, it is complicated."
R0284,40-64,Follow the money and you have your answer!
R0285,18-39,Kept putting it off for no good reason!
R0286,65+,My shifts never line up with their opening hours.
R0287,65+,"Put it this way, the staff were perfectly polite, hard to explain any better than that."
R0288,40-64,"Well, the clinic closes at five and I work two jobs, I will do it next month, probably."
R0289,40-64,"Truthfully, the nearest centre is forty miles away!"
R0290,40-64,"My shifts never line up with their opening hours, the drug companies only care about profit."
R0291,65+,"Truthfully, it goes against my faith."
R0292,40-64,"I keep meaning to book it and forgetting, the drug companies only care about profit, it is complicated!"
R0293,18-39,"Honestly, I felt patronised for the whole visit, could not get the time off work for it!"
R0294,18-39,"Well, I would have had to pay for parking twice over, it is complicated."
R0295,18-39,"To be fair, the booking line was engaged every time I rang, nothing else to add really."
R0296,40-64,"If I am honest, there is no bus out here and I do not drive, it is complicated."
R0297,40-64,"Nobody would explain anything to me properly, I will do it next month, probably."
R0298,40-64,"To be fair, no religious reason, I simply forgot."
R0299,18-39,"To be fair, I heard nothing from anybody about it."
R0300,40-64,"Well, my doctor explained it and I was happy."
R0301,40-64,"Truthfully, I keep meaning to book it and forgetting, make of that what you will."
R0302,40-64,"To be fair, childcare makes a weekday appointment impossible."
R0303,18-39,"To be fair, my shifts never line up with their opening hours, I do not trust big pharma, full stop, anyway, that is my reason!"
R0304,18-39,"Well, I decided against it deliberately, make of that what you will!"
R0305,40-64,"I decided against it deliberately, make of that what you will."
R0306,65+,"Truthfully, it is on my list, honestly it is, anyway, that is my reason."
R0307,18-39,"Honestly, my doctor explained it and I was happy."
R0308,18-39,"I will do it next month, probably, make of that what you will."
R0309,65+,"Honestly, I just do not think it is necessary, anyway, that is my reason."
R0310,18-39,"I decided against it deliberately, nothing else to add really!"
R0311,18-39,"If I am honest, the staff were perfectly polite, that is about the size of it!"
R0312,65+,"The staff were perfectly polite, it is complicated!"
R0313,65+,"To be fair, not one person in the surgery mentioned it, nothing else to add really!"
R0314,65+,"I felt patronised for the whole visit, that is about the size of it."
R0315,65+,"Well, I keep meaning to book it and forgetting, that is about the size of it."
R0316,40-64,"Follow the money and you have your answer, I heard nothing from anybody about it."
R0317,18-39,"To be fair, the nearest centre is forty miles away, anyway, that is my reason!"
R0318,40-64,"Truthfully, the drug companies only care about profit!"
R0319,40-64,"Not one person in the surgery mentioned it, my shifts never line up with their opening hours, make of that what you will!"
R0320,65+,"Honestly, my church teaches against it, kept putting it off for no good reason."
R0321,40-64,"It is on my list, honestly it is."
R0322,18-39,"I do not trust big pharma, full stop, make of that what you will!"
R0323,65+,The receptionist was dismissive and rude.
R0324,65+,"If I am honest, my GP never brought it up, they rushed it out to make money, hard to explain any better than that."
R0325,65+,"Well, my doctor explained it and I was happy, that is about the size of it!"
R0326,40-64,"Truthfully, I would have had to pay for parking twice over, that is about the size of it."
R0327,65+,"Nobody ever suggested I should have it, I keep meaning to book it and forgetting, the receptionist was dismissive and rude, my shifts never line up with their opening hours, that is about the size of it."
R0328,18-39,"Put it this way, the clinic closes at five and I work two jobs, it is on my list, honestly it is."
R0329,18-39,"The receptionist was dismissive and rude, nothing else to add really!"
R0330,65+,"Follow the money and you have your answer, kept putting it off for no good reason, the nearest centre is forty miles away, hard to explain any better than that!"
R0331,40-64,"Look, there is no bus out here and I do not drive."
R0332,40-64,"Truthfully, there is too much money in it for me to believe them, not one person in the surgery mentioned it, nothing else to add really!"
R0333,18-39,"Truthfully, the drug companies only care about profit, kept putting it off for no good reason, nothing else to add really."
R0334,18-39,"To be fair, the booking line was engaged every time I rang."
R0335,65+,The clinic closes at five and I work two jobs.
R0336,18-39,"Look, the booking line was engaged every time I rang."
R0337,40-64,"Look, no one told me I was even eligible."
R0338,40-64,"If I am honest, my doctor explained it and I was happy, hard to explain any better than that."
R0339,65+,"To be fair, I would have had to pay for parking twice over, it is complicated!"
R0340,18-39,They talked over me like I was not there!
R0341,40-64,"It is on my list, honestly it is, that is about the size of it."
R0342,40-64,"Look, it is on my list, honestly it is, it goes against my faith, that is about the size of it."
R0343,18-39,"Truthfully, just have not got round to it yet, follow the money and you have your answer!"
R0344,18-39,"Honestly, I will do it next month, probably, the nearest centre is forty miles away, that is about the size of it!"
R0345,18-39,"Truthfully, childcare makes a weekday appointment impossible, I will do it next month, probably."
R0346,18-39,"Honestly, the receptionist was dismissive and rude, I will do it next month, probably."
R0347,18-39,"Truthfully, I decided against it deliberately, anyway, that is my reason."
R0348,18-39,"I just do not think it is necessary, nothing else to add really."
R0349,65+,They rushed it out to make money.
R0350,40-64,"Put it this way, I just do not think it is necessary."
R0351,40-64,"Well, I decided against it deliberately!"
R0352,65+,"Look, I heard nothing from anybody about it, it is complicated."
R0353,18-39,"Well, I will do it next month, probably, nothing else to add really."
R0354,65+,"Look, I decided against it deliberately, make of that what you will."
R0355,40-64,"I will do it next month, probably, they rushed it out to make money."
R0356,40-64,"Well, no religious reason, I simply forgot."
R0357,65+,"Well, I do not trust big pharma, full stop, hard to explain any better than that."
R0358,18-39,"If I am honest, childcare makes a weekday appointment impossible!"
R0359,40-64,"Truthfully, could not get the time off work for it!"
R0360,65+,"If I am honest, the drug companies only care about profit, the nearest centre is forty miles away, that is about the size of it."
R0361,18-39,"Put it this way, I will do it next month, probably, anyway, that is my reason."
R0362,40-64,"If I am honest, my nurse recommended it twice."
R0363,40-64,"Honestly, I just do not think it is necessary!"
R0364,65+,"I heard nothing from anybody about it, it is complicated!"
R0365,40-64,The booking line was engaged every time I rang.
R0366,18-39,"I would have had to pay for parking twice over, follow the money and you have your answer, anyway, that is my reason."
R0367,65+,"I keep meaning to book it and forgetting, nobody ever suggested I should have it, hard to explain any better than that."
R0368,40-64,"To be fair, the clinic closes at five and I work two jobs, they talked over me like I was not there, nobody ever suggested I should have it, nothing else to add really."
R0369,65+,"If I am honest, the staff were perfectly polite, hard to explain any better than that."
R0370,40-64,"My doctor explained it and I was happy, hard to explain any better than that."
R0371,40-64,"Well, I heard nothing from anybody about it."
R0372,65+,Just have not got round to it yet!
R0373,40-64,"Put it this way, no religious reason, I simply forgot."
R0374,18-39,"Truthfully, there is no bus out here and I do not drive, just have not got round to it yet, it is complicated."
R0375,40-64,"Truthfully, no one told me I was even eligible."
R0376,65+,"I will do it next month, probably, no one told me I was even eligible!"
R0377,65+,"Look, I heard nothing from anybody about it, the drug companies only care about profit, that is about the size of it."
R0378,40-64,"Look, was made to feel stupid for asking a question!"
R0379,40-64,"The staff were perfectly polite, anyway, that is my reason!"
R0380,40-64,"Put it this way, my nurse recommended it twice."
R0381,18-39,"I keep meaning to book it and forgetting, it is complicated!"
R0382,65+,"Truthfully, they talked over me like I was not there, my shifts never line up with their opening hours!"
R0383,40-64,"Honestly, the drug companies only care about profit."
R0384,65+,"Well, no religious reason, I simply forgot!"
R0385,65+,"My doctor explained it and I was happy, anyway, that is my reason."
R0386,40-64,"I keep meaning to book it and forgetting, anyway, that is my reason!"
R0387,65+,"Truthfully, no religious reason, I simply forgot, it is complicated!"
R0388,40-64,"Kept putting it off for no good reason, no one told me I was even eligible."
R0389,40-64,"Just have not got round to it yet, was made to feel stupid for asking a question, nothing else to add really."
R0390,65+,"Look, no religious reason, I simply forgot, hard to explain any better than that!"
R0391,65+,"Well, my shifts never line up with their opening hours, I will do it next month, probably!"
R0392,65+,"Truthfully, I would have had to pay for parking twice over."
R0393,65+,"To be fair, there is too much money in it for me to believe them, no one told me I was even eligible!"
R0394,18-39,"To be fair, my doctor explained it and I was happy, it is complicated!"
R0395,65+,"It is on my list, honestly it is, the nearest centre is forty miles away."
R0396,18-39,"To be fair, I just do not think it is necessary, nothing else to add really."
R0397,40-64,"The drug companies only care about profit, it is complicated."
R0398,65+,Just have not got round to it yet.
R0399,18-39,"Look, it is on my list, honestly it is, hard to explain any better than that!"
R0400,40-64,"My shifts never line up with their opening hours, it is complicated."
R0401,18-39,"No one told me I was even eligible, make of that what you will."
R0402,40-64,"Honestly, it is on my list, honestly it is, that is about the size of it!"
R0403,65+,"They rushed it out to make money, anyway, that is my reason."
R0404,40-64,"The receptionist was dismissive and rude, it is complicated!"
R0405,65+,"Could not get the time off work for it, I do not trust big pharma, full stop, that is about the size of it."
R0406,65+,"To be fair, the clinic closes at five and I work two jobs, that is about the size of it!"
R0407,18-39,"Look, I decided against it deliberately."
R0408,65+,"Honestly, I just do not think it is necessary."
R0409,65+,"Put it this way, the staff were perfectly polite, make of that what you will!"
R0410,65+,There is too much money in it for me to believe them.
R0411,65+,"My GP never brought it up, they rushed it out to make money, anyway, that is my reason."
R0412,40-64,"Look, my doctor explained it and I was happy, make of that what you will!"
R0413,65+,"To be fair, not one person in the surgery mentioned it."
R0414,40-64,"Well, the booking line was engaged every time I rang."
R0415,40-64,"Well, my nurse recommended it twice, it is complicated."
R0416,18-39,"To be fair, I heard nothing from anybody about it, make of that what you will."
R0417,65+,"If I am honest, my doctor explained it and I was happy, that is about the size of it."
R0418,40-64,"No religious reason, I simply forgot, anyway, that is my reason."
R0419,40-64,"To be fair, just have not got round to it yet."
R0420,65+,"Honestly, the clinic closes at five and I work two jobs!"
R0421,40-64,I keep meaning to book it and forgetting.
R0422,65+,"I will do it next month, probably, nothing else to add really."
R0423,40-64,"Well, I heard nothing from anybody about it, that is about the size of it."
R0424,18-39,Was made to feel stupid for asking a question!
R0425,65+,"Well, just have not got round to it yet, I do not trust big pharma, full stop, was made to feel stupid for asking a question, my GP never brought it up, make of that what you will!"
R0426,40-64,"Look, my nurse recommended it twice."
R0427,65+,"If I am honest, it is on my list, honestly it is, they rushed it out to make money, it is complicated."
R0428,18-39,"There is no bus out here and I do not drive, that is about the size of it!"
R0429,18-39,"If I am honest, no religious reason, I simply forgot, anyway, that is my reason."
R0430,65+,"To be fair, I keep meaning to book it and forgetting, the manufacturers have lied before and got away with it, the nearest centre is forty miles away."
R0431,65+,"Well, they rushed it out to make money."
R0432,40-64,"Truthfully, no religious reason, I simply forgot, that is about the size of it!"
R0433,65+,"Well, my doctor explained it and I was happy, nothing else to add really!"
R0434,18-39,"Honestly, I decided against it deliberately."
R0435,65+,"Well, kept putting it off for no good reason."
R0436,18-39,"To be fair, childcare makes a weekday appointment impossible, kept putting it off for no good reason, hard to explain any better than that."
R0437,18-39,"Put it this way, my nurse recommended it twice, nothing else to add really."
R0438,40-64,"Look, I just do not think it is necessary."
R0439,40-64,"Childcare makes a weekday appointment impossible, nothing else to add really."
R0440,18-39,"Truthfully, the staff were perfectly polite, it is complicated."
R0441,40-64,"My nurse recommended it twice, nothing else to add really!"
R0442,40-64,"No religious reason, I simply forgot, nothing else to add really."
R0443,18-39,"If I am honest, not one person in the surgery mentioned it, anyway, that is my reason."
R0444,65+,"There is too much money in it for me to believe them, make of that what you will!"
R0445,40-64,"To be fair, it is on my list, honestly it is, make of that what you will."
R0446,18-39,"Kept putting it off for no good reason, hard to explain any better than that!"
R0447,65+,"Well, the staff were perfectly polite, nothing else to add really!"
R0448,65+,"If I am honest, I just do not think it is necessary, nothing else to add really."
R0449,40-64,"They rushed it out to make money, there is no bus out here and I do not drive!"
R0450,18-39,"Look, kept putting it off for no good reason, it is complicated."
R0451,18-39,"Was made to feel stupid for asking a question, nothing else to add really."
R0452,18-39,"No religious reason, I simply forgot, that is about the size of it!"
R0453,40-64,"To be fair, the manufacturers have lied before and got away with it, I heard nothing from anybody about it."
R0454,40-64,"If I am honest, my nurse recommended it twice!"
R0455,40-64,"Well, I just do not think it is necessary, anyway, that is my reason."
R0456,18-39,"Look, my shifts never line up with their opening hours."
R0457,18-39,I keep meaning to book it and forgetting!
R0458,65+,"Look, childcare makes a weekday appointment impossible, nothing else to add really!"
R0459,65+,"Honestly, the clinic closes at five and I work two jobs, hard to explain any better than that."
R0460,65+,"Was made to feel stupid for asking a question, it is complicated."
R0461,40-64,"There is no bus out here and I do not drive, that is about the size of it."
R0462,65+,"Honestly, the nearest centre is forty miles away, make of that what you will."
R0463,65+,"The clinic closes at five and I work two jobs, was made to feel stupid for asking a question, I leave these things in God's hands."
R0464,65+,"Look, was made to feel stupid for asking a question."
R0465,65+,"Honestly, my doctor explained it and I was happy, hard to explain any better than that."
R0466,65+,"To be fair, the nearest centre is forty miles away, make of that what you will."
R0467,40-64,"Truthfully, I keep meaning to book it and forgetting, the nearest centre is forty miles away, the receptionist was dismissive and rude."
R0468,40-64,"Childcare makes a weekday appointment impossible, there is too much money in it for me to believe them!"
R0469,18-39,Nobody would explain anything to me properly.
R0470,65+,"If I am honest, I would have had to pay for parking twice over."
R0471,65+,"Truthfully, my nurse recommended it twice, nothing else to add really."
R0472,65+,"The drug companies only care about profit, the clinic closes at five and I work two jobs, make of that what you will."
R0473,65+,"Put it this way, I decided against it deliberately."
R0474,18-39,"Could not get the time off work for it, kept putting it off for no good reason."
R0475,18-39,"Truthfully, I heard nothing from anybody about it, it is complicated."
R0476,40-64,"The staff were perfectly polite, it is complicated."
R0477,65+,"Well, nobody ever suggested I should have it!"
R0478,65+,"Just have not got round to it yet, the manufacturers have lied before and got away with it!"
R0479,18-39,I felt patronised for the whole visit!
R0480,40-64,"I keep meaning to book it and forgetting, nothing else to add really!"
R0481,18-39,"Truthfully, no one told me I was even eligible, I felt patronised for the whole visit, that is about the size of it."
R0482,65+,"Follow the money and you have your answer, it is on my list, honestly it is, anyway, that is my reason!"
R0483,18-39,"Well, I would have had to pay for parking twice over!"
R0484,18-39,"Childcare makes a weekday appointment impossible, anyway, that is my reason!"
R0485,18-39,"Truthfully, I keep meaning to book it and forgetting."
R0486,18-39,"Honestly, kept putting it off for no good reason, was made to feel stupid for asking a question, anyway, that is my reason!"
R0487,40-64,"It is on my list, honestly it is, my shifts never line up with their opening hours, I felt patronised for the whole visit, no one told me I was even eligible."
R0488,65+,"Honestly, I decided against it deliberately, it is complicated."
R0489,65+,"Put it this way, could not get the time off work for it."
R0490,40-64,"Put it this way, my shifts never line up with their opening hours!"
R0491,18-39,"My doctor explained it and I was happy, nothing else to add really!"
R0492,65+,"Well, the nearest centre is forty miles away, no one told me I was even eligible, I do not trust big pharma, full stop, make of that what you will."
R0493,18-39,"Look, I heard nothing from anybody about it, the clinic closes at five and I work two jobs, I will do it next month, probably, nothing else to add really."
R0494,18-39,"Put it this way, my doctor explained it and I was happy!"
R0495,65+,"My nurse recommended it twice, that is about the size of it."
R0496,40-64,"If I am honest, the staff were perfectly polite, make of that what you will!"
R0497,65+,"I keep meaning to book it and forgetting, nothing else to add really."
R0498,18-39,"The nearest centre is forty miles away, I will do it next month, probably, make of that what you will!"
R0499,40-64,"To be fair, I leave these things in God's hands!"
R0500,18-39,"Well, the nearest centre is forty miles away, it is complicated."
R0501,40-64,"Look, nobody ever suggested I should have it, just have not got round to it yet!"
R0502,18-39,"I decided against it deliberately, that is about the size of it."
R0503,40-64,"Just have not got round to it yet, anyway, that is my reason."
R0504,40-64,"Was made to feel stupid for asking a question, the booking line was engaged every time I rang."
R0505,40-64,"If I am honest, my shifts never line up with their opening hours, I keep meaning to book it and forgetting!"
R0506,40-64,"Follow the money and you have your answer, the clinic closes at five and I work two jobs."
R0507,18-39,"No one told me I was even eligible, I keep meaning to book it and forgetting, my church teaches against it, that is about the size of it."
R0508,65+,"Honestly, follow the money and you have your answer, there is no bus out here and I do not drive, anyway, that is my reason."
R0509,40-64,"My GP never brought it up, the manufacturers have lied before and got away with it."
R0510,65+,"If I am honest, my doctor explained it and I was happy, make of that what you will!"
R0511,40-64,"It is on my list, honestly it is, anyway, that is my reason."
R0512,18-39,"Honestly, nobody ever suggested I should have it."
R0513,40-64,"Well, my church teaches against it, nothing else to add really."
R0514,40-64,It goes against my faith.
R0515,40-64,"It goes against my faith, it is complicated!"
R0516,18-39,"My GP never brought it up, make of that what you will."
R0517,40-64,"If I am honest, just have not got round to it yet, childcare makes a weekday appointment impossible."
R0518,65+,"Honestly, my nurse recommended it twice."
R0519,65+,"Truthfully, just have not got round to it yet!"
R0520,40-64,"The booking line was engaged every time I rang, make of that what you will!"
R0521,40-64,"Truthfully, the staff were perfectly polite."
R0522,65+,"There is too much money in it for me to believe them, the booking line was engaged every time I rang, it is complicated."
R0523,18-39,"To be fair, I will do it next month, probably, not one person in the surgery mentioned it."
R0524,40-64,"I keep meaning to book it and forgetting, nobody ever suggested I should have it!"
R0525,40-64,"The receptionist was dismissive and rude, the manufacturers have lied before and got away with it!"
R0526,65+,"I keep meaning to book it and forgetting, it is complicated."
R0527,18-39,"I do not trust big pharma, full stop."
R0528,40-64,"There is no bus out here and I do not drive, it is complicated!"
R0529,65+,"If I am honest, nobody ever suggested I should have it, anyway, that is my reason."
R0530,40-64,"Truthfully, kept putting it off for no good reason."
R0531,18-39,"To be fair, no religious reason, I simply forgot, anyway, that is my reason."
R0532,65+,"Truthfully, follow the money and you have your answer, nothing else to add really."
R0533,18-39,"Honestly, the nearest centre is forty miles away, nothing else to add really."
R0534,40-64,"I leave these things in God's hands, make of that what you will."
R0535,65+,"Honestly, my GP never brought it up."
R0536,40-64,"Well, my doctor explained it and I was happy!"
R0537,18-39,"Honestly, I decided against it deliberately, that is about the size of it!"
R0538,18-39,"Honestly, it is on my list, honestly it is, anyway, that is my reason!"
R0539,65+,"Look, not one person in the surgery mentioned it."
R0540,40-64,"To be fair, no one told me I was even eligible, childcare makes a weekday appointment impossible."
R0541,18-39,Follow the money and you have your answer.
R0542,65+,"It is on my list, honestly it is, make of that what you will."
R0543,18-39,"Well, the clinic closes at five and I work two jobs!"
R0544,65+,"Well, I decided against it deliberately."
R0545,40-64,"I will do it next month, probably, follow the money and you have your answer, make of that what you will."
R0546,65+,"My doctor explained it and I was happy, nothing else to add really."
R0547,18-39,"If I am honest, I just do not think it is necessary, hard to explain any better than that."
R0548,18-39,"I leave these things in God's hands, there is no bus out here and I do not drive, was made to feel stupid for asking a question."
R0549,40-64,"To be fair, nobody ever suggested I should have it."
R0550,40-64,"Well, nobody would explain anything to me properly, anyway, that is my reason."
R0551,65+,Not one person in the surgery mentioned it!
R0552,18-39,"Truthfully, it is on my list, honestly it is!"
R0553,40-64,"To be fair, the manufacturers have lied before and got away with it, that is about the size of it."
R0554,40-64,"Look, my doctor explained it and I was happy, hard to explain any better than that."
R0555,18-39,"My GP never brought it up, hard to explain any better than that."
R0556,65+,"The drug companies only care about profit, the booking line was engaged every time I rang, nobody ever suggested I should have it, nothing else to add really!"
R0557,18-39,"Put it this way, just have not got round to it yet!"
R0558,65+,The nearest centre is forty miles away.
R0559,40-64,"To be fair, the staff were perfectly polite, make of that what you will!"
R0560,18-39,"I heard nothing from anybody about it, I keep meaning to book it and forgetting, make of that what you will!"
R0561,18-39,"I keep meaning to book it and forgetting, that is about the size of it!"
R0562,18-39,"I felt patronised for the whole visit, it is complicated!"
R0563,18-39,"Honestly, the staff were perfectly polite."
R0564,65+,"If I am honest, I keep meaning to book it and forgetting, they talked over me like I was not there."
R0565,40-64,"Put it this way, I would have had to pay for parking twice over."
R0566,40-64,"If I am honest, the nearest centre is forty miles away, nobody would explain anything to me properly."
R0567,40-64,"Honestly, nobody would explain anything to me properly, nothing else to add really!"
R0568,18-39,"Well, the drug companies only care about profit, I would have had to pay for parking twice over, that is about the size of it!"
R0569,65+,"If I am honest, there is no bus out here and I do not drive, that is about the size of it."
R0570,65+,"I heard nothing from anybody about it, they rushed it out to make money, it is complicated."
R0571,65+,"Put it this way, no religious reason, I simply forgot!"
R0572,18-39,"It is on my list, honestly it is, I do not trust big pharma, full stop, there is no bus out here and I do not drive, that is about the size of it!"
R0573,40-64,"If I am honest, I just do not think it is necessary."
R0574,65+,"I just do not think it is necessary, it is complicated."
R0575,40-64,"Well, my GP never brought it up."
R0576,65+,"Honestly, I just do not think it is necessary, make of that what you will."
R0577,40-64,"There is too much money in it for me to believe them, my church teaches against it, nothing else to add really."
R0578,65+,"Well, I decided against it deliberately, that is about the size of it."
R0579,65+,"Well, was made to feel stupid for asking a question, I will do it next month, probably, the manufacturers have lied before and got away with it!"
R0580,18-39,"Truthfully, I just do not think it is necessary, nothing else to add really."
R0581,18-39,"Honestly, kept putting it off for no good reason, could not get the time off work for it, nobody ever suggested I should have it."
R0582,18-39,"Just have not got round to it yet, anyway, that is my reason!"
R0583,40-64,"I would have had to pay for parking twice over, that is about the size of it."
R0584,65+,"I decided against it deliberately, it is complicated!"
R0585,65+,"To be fair, could not get the time off work for it, nobody ever suggested I should have it, I keep meaning to book it and forgetting."
R0586,18-39,"Truthfully, I decided against it deliberately, make of that what you will!"
R0587,65+,"Well, the clinic closes at five and I work two jobs, anyway, that is my reason!"
R0588,65+,"No one told me I was even eligible, that is about the size of it."
R0589,40-64,"Honestly, my nurse recommended it twice, it is complicated!"
R0590,18-39,"There is too much money in it for me to believe them, anyway, that is my reason."
R0591,18-39,"Truthfully, not one person in the surgery mentioned it!"
R0592,40-64,"Truthfully, my nurse recommended it twice, it is complicated."
R0593,65+,"No religious reason, I simply forgot, hard to explain any better than that."
R0594,40-64,I would have had to pay for parking twice over.
R0595,18-39,"To be fair, was made to feel stupid for asking a question."
R0596,18-39,"Just have not got round to it yet, the manufacturers have lied before and got away with it, nobody would explain anything to me properly, could not get the time off work for it, that is about the size of it."
R0597,18-39,"Well, the booking line was engaged every time I rang, it is on my list, honestly it is, anyway, that is my reason."
R0598,18-39,"My nurse recommended it twice, anyway, that is my reason."
R0599,65+,"Well, they talked over me like I was not there, the booking line was engaged every time I rang, hard to explain any better than that!"
R0600,65+,"Well, my church teaches against it, childcare makes a weekday appointment impossible, anyway, that is my reason!"
R0601,65+,"Look, I keep meaning to book it and forgetting, that is about the size of it!"
R0602,40-64,"The clinic closes at five and I work two jobs, just have not got round to it yet, nothing else to add really."
R0603,65+,"If I am honest, my nurse recommended it twice, hard to explain any better than that!"
R0604,65+,"To be fair, not one person in the surgery mentioned it, that is about the size of it."
R0605,18-39,"Not one person in the surgery mentioned it, it is complicated."
R0606,18-39,"To be fair, they rushed it out to make money."
R0607,18-39,"Just have not got round to it yet, childcare makes a weekday appointment impossible, anyway, that is my reason!"
R0608,18-39,"Just have not got round to it yet, I felt patronised for the whole visit."
R0609,65+,"Truthfully, the drug companies only care about profit, my shifts never line up with their opening hours."
R0610,65+,"To be fair, there is no bus out here and I do not drive!"
R0611,65+,"Put it this way, the staff were perfectly polite, that is about the size of it."
R0612,18-39,"Was made to feel stupid for asking a question, my GP never brought it up, that is about the size of it!"
R0613,65+,"Put it this way, I decided against it deliberately, make of that what you will."
R0614,40-64,"Childcare makes a weekday appointment impossible, make of that what you will!"
R0615,65+,"I decided against it deliberately, that is about the size of it!"
R0616,40-64,"If I am honest, no one told me I was even eligible, kept putting it off for no good reason, my shifts never line up with their opening hours."
R0617,40-64,"Honestly, my shifts never line up with their opening hours, make of that what you will."
R0618,40-64,"Honestly, it is on my list, honestly it is, nobody would explain anything to me properly!"
R0619,65+,"To be fair, I decided against it deliberately, anyway, that is my reason."
R0620,18-39,"There is too much money in it for me to believe them, no one told me I was even eligible, anyway, that is my reason!"
R0621,18-39,"If I am honest, I do not trust big pharma, full stop, it is complicated."
R0622,18-39,"To be fair, my nurse recommended it twice, it is complicated."
R0623,18-39,"To be fair, I leave these things in God's hands."
R0624,18-39,"If I am honest, I do not trust big pharma, full stop."
R0625,18-39,"If I am honest, the staff were perfectly polite, that is about the size of it."
R0626,18-39,"No religious reason, I simply forgot, nothing else to add really!"
R0627,40-64,"My nurse recommended it twice, anyway, that is my reason!"
R0628,40-64,"Put it this way, I do not trust big pharma, full stop, anyway, that is my reason."
R0629,65+,"I keep meaning to book it and forgetting, I do not trust big pharma, full stop."
R0630,40-64,"Put it this way, there is too much money in it for me to believe them, anyway, that is my reason!"
R0631,18-39,"Put it this way, my doctor explained it and I was happy, make of that what you will!"
R0632,40-64,"Follow the money and you have your answer, hard to explain any better than that."
R0633,40-64,"Put it this way, no religious reason, I simply forgot, hard to explain any better than that."
R0634,18-39,"I decided against it deliberately, hard to explain any better than that!"
R0635,18-39,"Well, no religious reason, I simply forgot, anyway, that is my reason."
R0636,40-64,"The booking line was engaged every time I rang, it is complicated."
R0637,65+,"Look, the booking line was engaged every time I rang!"
R0638,18-39,"Kept putting it off for no good reason, the receptionist was dismissive and rude, that is about the size of it."
R0639,65+,"Childcare makes a weekday appointment impossible, hard to explain any better than that."
R0640,40-64,"If I am honest, no one told me I was even eligible, anyway, that is my reason."
R0641,40-64,"Honestly, I decided against it deliberately, make of that what you will."
R0642,18-39,"My doctor explained it and I was happy, that is about the size of it!"
R0643,18-39,"Kept putting it off for no good reason, there is too much money in it for me to believe them."
R0644,65+,"If I am honest, my doctor explained it and I was happy."
R0645,40-64,"To be fair, follow the money and you have your answer, it is on my list, honestly it is."
R0646,40-64,"No religious reason, I simply forgot, that is about the size of it."
R0647,18-39,"Honestly, my doctor explained it and I was happy, make of that what you will."
R0648,40-64,"I keep meaning to book it and forgetting, could not get the time off work for it."
R0649,40-64,"Well, my nurse recommended it twice, that is about the size of it."
R0650,65+,"Honestly, my doctor explained it and I was happy, hard to explain any better than that!"
R0651,40-64,"Nobody ever suggested I should have it, anyway, that is my reason."
R0652,65+,"Well, my nurse recommended it twice, it is complicated!"
R0653,65+,"Well, nobody would explain anything to me properly!"
R0654,40-64,"Honestly, my doctor explained it and I was happy, it is complicated!"
R0655,65+,"The booking line was engaged every time I rang, nobody ever suggested I should have it!"
R0656,65+,"If I am honest, I will do it next month, probably, was made to feel stupid for asking a question, make of that what you will."
R0657,40-64,"Truthfully, I will do it next month, probably!"
R0658,40-64,"Put it this way, I just do not think it is necessary, it is complicated!"
R0659,65+,"Well, nobody ever suggested I should have it, I keep meaning to book it and forgetting, anyway, that is my reason."
R0660,65+,"If I am honest, I keep meaning to book it and forgetting, they rushed it out to make money."
R0661,65+,"Look, I decided against it deliberately, nothing else to add really."
R0662,65+,"I decided against it deliberately, make of that what you will!"
R0663,65+,"If I am honest, the staff were perfectly polite, make of that what you will."
R0664,18-39,"To be fair, the staff were perfectly polite."
R0665,18-39,"Truthfully, the nearest centre is forty miles away, I will do it next month, probably, the drug companies only care about profit, anyway, that is my reason!"
R0666,40-64,"Follow the money and you have your answer, kept putting it off for no good reason."
R0667,65+,"Put it this way, my doctor explained it and I was happy, that is about the size of it."
R0668,18-39,"To be fair, no religious reason, I simply forgot!"
R0669,40-64,"There is no bus out here and I do not drive, just have not got round to it yet."
R0670,40-64,"My shifts never line up with their opening hours, my GP never brought it up, was made to feel stupid for asking a question."
R0671,65+,"Well, my nurse recommended it twice!"
R0672,65+,"Look, they rushed it out to make money!"
R0673,65+,"Truthfully, the receptionist was dismissive and rude!"
R0674,40-64,"The manufacturers have lied before and got away with it, make of that what you will."
R0675,65+,"The drug companies only care about profit, could not get the time off work for it."
R0676,40-64,"Truthfully, no religious reason, I simply forgot, it is complicated."
R0677,65+,"I keep meaning to book it and forgetting, make of that what you will."
R0678,65+,"If I am honest, the nearest centre is forty miles away."
R0679,18-39,"Truthfully, not one person in the surgery mentioned it, they talked over me like I was not there, anyway, that is my reason!"
R0680,65+,"Put it this way, I would have had to pay for parking twice over, the receptionist was dismissive and rude, that is about the size of it!"
R0681,18-39,"Honestly, follow the money and you have your answer, the receptionist was dismissive and rude, that is about the size of it!"
R0682,65+,"Childcare makes a weekday appointment impossible, I will do it next month, probably, anyway, that is my reason."
R0683,40-64,"Honestly, the clinic closes at five and I work two jobs, they talked over me like I was not there."
R0684,65+,"Kept putting it off for no good reason, that is about the size of it."
R0685,40-64,"Put it this way, there is no bus out here and I do not drive, nothing else to add really."
R0686,40-64,"Look, I felt patronised for the whole visit, nothing else to add really!"
R0687,40-64,"To be fair, I will do it next month, probably."
R0688,18-39,"Honestly, no one told me I was even eligible!"
R0689,65+,"Truthfully, nobody would explain anything to me properly, it goes against my faith."
R0690,40-64,"The staff were perfectly polite, make of that what you will."
R0691,65+,"Put it this way, the staff were perfectly polite, nothing else to add really!"
R0692,65+,"Well, my nurse recommended it twice, anyway, that is my reason!"
R0693,40-64,"The drug companies only care about profit, nothing else to add really."
R0694,40-64,"Put it this way, was made to feel stupid for asking a question, anyway, that is my reason."
R0695,65+,"No religious reason, I simply forgot, hard to explain any better than that!"
R0696,18-39,"My GP never brought it up, anyway, that is my reason!"
R0697,40-64,"Well, the staff were perfectly polite, make of that what you will."
R0698,18-39,"Honestly, I decided against it deliberately!"
R0699,18-39,"Look, I keep meaning to book it and forgetting, I do not trust big pharma, full stop, make of that what you will."
R0700,65+,"Well, they rushed it out to make money, my shifts never line up with their opening hours."
R0701,18-39,"Put it this way, there is too much money in it for me to believe them."
R0702,65+,"Put it this way, I keep meaning to book it and forgetting, that is about the size of it!"
R0703,40-64,"Truthfully, my GP never brought it up."
R0704,65+,"Well, there is no bus out here and I do not drive!"
R0705,65+,"Look, I felt patronised for the whole visit, that is about the size of it."
R0706,18-39,"Follow the money and you have your answer, that is about the size of it."
R0707,65+,"Look, just have not got round to it yet!"
R0708,65+,"I keep meaning to book it and forgetting, the drug companies only care about profit."
R0709,40-64,"Just have not got round to it yet, it is complicated."
R0710,65+,"If I am honest, no religious reason, I simply forgot, nothing else to add really."
R0711,65+,"Put it this way, could not get the time off work for it!"
R0712,40-64,"Put it this way, kept putting it off for no good reason."
R0713,40-64,"Honestly, nobody would explain anything to me properly, make of that what you will."
R0714,65+,"The staff were perfectly polite, that is about the size of it."
R0715,40-64,"Follow the money and you have your answer, childcare makes a weekday appointment impossible."
R0716,40-64,"Put it this way, they rushed it out to make money, hard to explain any better than that."
R0717,65+,"If I am honest, my shifts never line up with their opening hours."
R0718,65+,"Honestly, they talked over me like I was not there."
R0719,40-64,"Well, it goes against my faith."
R0720,18-39,"Put it this way, the drug companies only care about profit."
R0721,18-39,The drug companies only care about profit!
R0722,18-39,"The nearest centre is forty miles away, hard to explain any better than that!"
R0723,40-64,"Truthfully, my nurse recommended it twice."
R0724,18-39,"The receptionist was dismissive and rude, no one told me I was even eligible."
R0725,40-64,"Look, I do not trust big pharma, full stop, the clinic closes at five and I work two jobs, hard to explain any better than that!"
R0726,18-39,"Truthfully, I decided against it deliberately, anyway, that is my reason!"
R0727,18-39,No one told me I was even eligible.
R0728,65+,"To be fair, my doctor explained it and I was happy, nothing else to add really!"
R0729,18-39,"Honestly, the staff were perfectly polite, it is complicated."
R0730,40-64,"Look, they rushed it out to make money."
R0731,40-64,"Put it this way, nobody ever suggested I should have it!"
R0732,65+,"Honestly, my doctor explained it and I was happy!"
R0733,40-64,"Put it this way, the staff were perfectly polite, nothing else to add really."
R0734,40-64,"Truthfully, my doctor explained it and I was happy, anyway, that is my reason!"
R0735,65+,"I decided against it deliberately, anyway, that is my reason."
R0736,40-64,"Truthfully, no religious reason, I simply forgot, anyway, that is my reason!"
R0737,65+,"Kept putting it off for no good reason, the nearest centre is forty miles away, nobody ever suggested I should have it."
R0738,65+,"I would have had to pay for parking twice over, I heard nothing from anybody about it."
R0739,65+,"Childcare makes a weekday appointment impossible, it is complicated."
R0740,65+,"Well, the staff were perfectly polite!"
R0741,18-39,"My shifts never line up with their opening hours, the drug companies only care about profit, hard to explain any better than that."
R0742,65+,"Look, my doctor explained it and I was happy, nothing else to add really."
R0743,65+,"Put it this way, it is on my list, honestly it is, that is about the size of it."
R0744,65+,"If I am honest, I heard nothing from anybody about it, make of that what you will."
R0745,18-39,"To be fair, my shifts never line up with their opening hours, I do not trust big pharma, full stop."
R0746,18-39,"Truthfully, follow the money and you have your answer."
R0747,18-39,"Look, I heard nothing from anybody about it."
R0748,65+,"The staff were perfectly polite, nothing else to add really."
R0749,18-39,"Honestly, there is no bus out here and I do not drive."
R0750,18-39,"No religious reason, I simply forgot, make of that what you will."
R0751,18-39,"Honestly, no one told me I was even eligible."
R0752,18-39,"Look, I just do not think it is necessary, it is complicated."
R0753,65+,"If I am honest, I decided against it deliberately, make of that what you will!"
R0754,40-64,"Honestly, I would have had to pay for parking twice over, kept putting it off for no good reason."
R0755,65+,"Truthfully, the nearest centre is forty miles away, hard to explain any better than that."
R0756,65+,"Put it this way, just have not got round to it yet, the booking line was engaged every time I rang, anyway, that is my reason!"
R0757,40-64,"If I am honest, they talked over me like I was not there, I heard nothing from anybody about it, anyway, that is my reason."
R0758,40-64,"Put it this way, I decided against it deliberately, hard to explain any better than that."
R0759,65+,"If I am honest, the nearest centre is forty miles away, nothing else to add really!"
R0760,65+,"I heard nothing from anybody about it, it is on my list, honestly it is, anyway, that is my reason."
R0761,40-64,"Honestly, I will do it next month, probably."
R0762,65+,"Could not get the time off work for it, that is about the size of it."
R0763,40-64,"It goes against my faith, the manufacturers have lied before and got away with it!"
R0764,18-39,"Honestly, it is on my list, honestly it is."
R0765,65+,"Look, I decided against it deliberately, nothing else to add really!"
R0766,18-39,"To be fair, my doctor explained it and I was happy, make of that what you will!"
R0767,65+,"To be fair, just have not got round to it yet, the booking line was engaged every time I rang."
R0768,40-64,"My shifts never line up with their opening hours, I do not trust big pharma, full stop, make of that what you will."
R0769,65+,"Honestly, nobody ever suggested I should have it, I keep meaning to book it and forgetting!"
R0770,18-39,"Nobody would explain anything to me properly, hard to explain any better than that."
R0771,65+,"If I am honest, the clinic closes at five and I work two jobs!"
R0772,40-64,"Well, there is no bus out here and I do not drive, anyway, that is my reason!"
R0773,18-39,"Look, it is on my list, honestly it is."
R0774,40-64,"Put it this way, the manufacturers have lied before and got away with it!"
R0775,65+,"Honestly, nobody would explain anything to me properly, nothing else to add really."
R0776,65+,"Well, I decided against it deliberately, make of that what you will."
R0777,18-39,"If I am honest, I will do it next month, probably, nothing else to add really."
R0778,18-39,"I felt patronised for the whole visit, hard to explain any better than that."
R0779,40-64,"To be fair, no one told me I was even eligible, it is complicated."
R0780,40-64,"Put it this way, follow the money and you have your answer, nothing else to add really!"
R0781,18-39,"Look, the drug companies only care about profit!"
R0782,40-64,"Truthfully, I would have had to pay for parking twice over, make of that what you will!"
R0783,65+,"Truthfully, could not get the time off work for it, they talked over me like I was not there, that is about the size of it!"
R0784,40-64,"Put it this way, I do not trust big pharma, full stop, make of that what you will!"
R0785,40-64,"The receptionist was dismissive and rude, nobody ever suggested I should have it, anyway, that is my reason."
R0786,65+,"I would have had to pay for parking twice over, make of that what you will."
R0787,18-39,"Well, the nearest centre is forty miles away, I do not trust big pharma, full stop, it is complicated!"
R0788,40-64,"The nearest centre is forty miles away, that is about the size of it."
R0789,40-64,"Put it this way, my GP never brought it up, kept putting it off for no good reason!"
R0790,65+,"Could not get the time off work for it, the manufacturers have lied before and got away with it, nobody would explain anything to me properly."
R0791,65+,"Truthfully, childcare makes a weekday appointment impossible."
R0792,18-39,"Truthfully, no one told me I was even eligible, kept putting it off for no good reason!"
R0793,40-64,"I leave these things in God's hands, nothing else to add really."
R0794,65+,"Put it this way, kept putting it off for no good reason, nothing else to add really."
R0795,40-64,"Put it this way, no religious reason, I simply forgot, that is about the size of it."
R0796,65+,"Honestly, I will do it next month, probably, it is complicated."
R0797,40-64,"Put it this way, follow the money and you have your answer!"
R0798,18-39,"Honestly, could not get the time off work for it, kept putting it off for no good reason!"
R0799,18-39,"I do not trust big pharma, full stop, I will do it next month, probably, I would have had to pay for parking twice over, I heard nothing from anybody about it."
R0800,40-64,"If I am honest, no religious reason, I simply forgot, that is about the size of it."
R0801,65+,"The manufacturers have lied before and got away with it, not one person in the surgery mentioned it!"
R0802,18-39,"Look, my shifts never line up with their opening hours!"
R0803,65+,"Truthfully, just have not got round to it yet, anyway, that is my reason."
R0804,40-64,"Look, my nurse recommended it twice, anyway, that is my reason."
R0805,65+,"Well, I would have had to pay for parking twice over, I keep meaning to book it and forgetting, I heard nothing from anybody about it, nothing else to add really!"
R0806,18-39,I heard nothing from anybody about it!
R0807,18-39,"Honestly, the staff were perfectly polite, anyway, that is my reason!"
R0808,18-39,"It is on my list, honestly it is, I do not trust big pharma, full stop, the booking line was engaged every time I rang, make of that what you will."
R0809,65+,"Truthfully, I do not trust big pharma, full stop."
R0810,65+,"Honestly, my shifts never line up with their opening hours, they rushed it out to make money."
R0811,18-39,"I felt patronised for the whole visit, anyway, that is my reason!"
R0812,40-64,"Honestly, I felt patronised for the whole visit."
R0813,40-64,"To be fair, nobody would explain anything to me properly, hard to explain any better than that."
R0814,18-39,"Truthfully, the clinic closes at five and I work two jobs, follow the money and you have your answer."
R0815,18-39,"Put it this way, I just do not think it is necessary, that is about the size of it."
R0816,65+,"The manufacturers have lied before and got away with it, no one told me I was even eligible!"
R0817,18-39,"Look, it is on my list, honestly it is!"
R0818,40-64,"Well, I just do not think it is necessary, hard to explain any better than that."
R0819,65+,"Honestly, the nearest centre is forty miles away, make of that what you will!"
R0820,18-39,"Well, nobody ever suggested I should have it, that is about the size of it!"
R0821,65+,"They talked over me like I was not there, that is about the size of it!"
R0822,65+,"Put it this way, no religious reason, I simply forgot, make of that what you will."
R0823,18-39,"My GP never brought it up, it is complicated."
R0824,18-39,"I heard nothing from anybody about it, hard to explain any better than that!"
R0825,40-64,"The drug companies only care about profit, not one person in the surgery mentioned it."
R0826,18-39,"Put it this way, I just do not think it is necessary, it is complicated."
R0827,18-39,"To be fair, I decided against it deliberately, that is about the size of it!"
R0828,18-39,"Follow the money and you have your answer, they talked over me like I was not there, hard to explain any better than that!"
R0829,65+,"Well, my church teaches against it, I keep meaning to book it and forgetting."
R0830,18-39,"I heard nothing from anybody about it, it is on my list, honestly it is!"
R0831,18-39,"To be fair, I just do not think it is necessary!"
R0832,18-39,"Truthfully, I decided against it deliberately!"
R0833,65+,"Honestly, the nearest centre is forty miles away."
R0834,18-39,"If I am honest, my GP never brought it up."
R0835,65+,"They rushed it out to make money, childcare makes a weekday appointment impossible, it is complicated!"
R0836,40-64,"Just have not got round to it yet, I would have had to pay for parking twice over."
R0837,18-39,"My nurse recommended it twice, hard to explain any better than that!"
R0838,18-39,"Kept putting it off for no good reason, the nearest centre is forty miles away."
R0839,65+,"Look, my nurse recommended it twice, it is complicated."
R0840,18-39,"Well, just have not got round to it yet, nothing else to add really."
R0841,18-39,"To be fair, my shifts never line up with their opening hours."
R0842,40-64,"I keep meaning to book it and forgetting, hard to explain any better than that."
R0843,40-64,"To be fair, it is on my list, honestly it is."
R0844,65+,"Well, childcare makes a weekday appointment impossible, they rushed it out to make money."
R0845,65+,"Well, there is too much money in it for me to believe them, that is about the size of it!"
R0846,65+,"Put it this way, just have not got round to it yet, I do not trust big pharma, full stop, was made to feel stupid for asking a question."
R0847,18-39,"I heard nothing from anybody about it, there is no bus out here and I do not drive."
R0848,65+,"Put it this way, my doctor explained it and I was happy, it is complicated!"
R0849,65+,"Look, not one person in the surgery mentioned it, could not get the time off work for it."
R0850,18-39,"To be fair, the manufacturers have lied before and got away with it, it is complicated."
R0851,40-64,"Put it this way, follow the money and you have your answer, it is complicated."
R0852,65+,"My nurse recommended it twice, it is complicated!"
R0853,40-64,"My GP never brought it up, hard to explain any better than that!"
R0854,40-64,"Was made to feel stupid for asking a question, that is about the size of it!"
R0855,65+,"Honestly, my shifts never line up with their opening hours."
R0856,65+,"The clinic closes at five and I work two jobs, anyway, that is my reason."
R0857,65+,"Honestly, I just do not think it is necessary, hard to explain any better than that."
R0858,18-39,"To be fair, I would have had to pay for parking twice over, hard to explain any better than that."
R0859,40-64,"Childcare makes a weekday appointment impossible, the receptionist was dismissive and rude!"
R0860,65+,"To be fair, I would have had to pay for parking twice over, hard to explain any better than that!"
R0861,18-39,"It is on my list, honestly it is, I would have had to pay for parking twice over, anyway, that is my reason."
R0862,40-64,"Honestly, was made to feel stupid for asking a question."
R0863,18-39,"I do not trust big pharma, full stop, I keep meaning to book it and forgetting!"
R0864,40-64,"Put it this way, kept putting it off for no good reason, not one person in the surgery mentioned it."
R0865,40-64,"Put it this way, it is on my list, honestly it is, I would have had to pay for parking twice over, it is complicated."
R0866,40-64,"Well, the clinic closes at five and I work two jobs."
R0867,18-39,"They rushed it out to make money, it is complicated."
R0868,65+,"Put it this way, I just do not think it is necessary, hard to explain any better than that."
R0869,40-64,"Look, the nearest centre is forty miles away, I heard nothing from anybody about it, it is complicated."
R0870,65+,"Truthfully, nobody would explain anything to me properly, the booking line was engaged every time I rang, it is complicated."
R0871,65+,"I decided against it deliberately, nothing else to add really."
R0872,40-64,"Childcare makes a weekday appointment impossible, I keep meaning to book it and forgetting, no one told me I was even eligible!"
R0873,18-39,"Look, I would have had to pay for parking twice over, it is complicated."
R0874,65+,"Put it this way, I do not trust big pharma, full stop."
R0875,65+,"Well, the clinic closes at five and I work two jobs, hard to explain any better than that."
R0876,40-64,"Honestly, childcare makes a weekday appointment impossible, it is complicated!"
R0877,40-64,"Honestly, I will do it next month, probably, follow the money and you have your answer, nobody would explain anything to me properly, make of that what you will."
R0878,40-64,"Put it this way, they rushed it out to make money."
R0879,40-64,"Truthfully, I heard nothing from anybody about it."
R0880,65+,"Put it this way, my nurse recommended it twice, that is about the size of it."
R0881,18-39,"My GP never brought it up, kept putting it off for no good reason!"
R0882,65+,"Look, follow the money and you have your answer, nobody would explain anything to me properly, nothing else to add really."
R0883,65+,"To be fair, I do not trust big pharma, full stop, that is about the size of it!"
R0884,18-39,"To be fair, I decided against it deliberately, make of that what you will."
R0885,18-39,"My shifts never line up with their opening hours, I heard nothing from anybody about it, it is on my list, honestly it is, hard to explain any better than that!"
R0886,40-64,"Look, not one person in the surgery mentioned it, it is complicated."
R0887,40-64,"If I am honest, I decided against it deliberately, nothing else to add really."
R0888,18-39,"Put it this way, I just do not think it is necessary, make of that what you will."
R0889,18-39,"If I am honest, there is no bus out here and I do not drive, make of that what you will."
R0890,65+,"Just have not got round to it yet, my church teaches against it."
R0891,65+,"There is no bus out here and I do not drive, it is complicated."
R0892,40-64,"Just have not got round to it yet, could not get the time off work for it, nothing else to add really!"
R0893,18-39,"The receptionist was dismissive and rude, not one person in the surgery mentioned it!"
R0894,65+,"To be fair, my GP never brought it up, I would have had to pay for parking twice over."
R0895,18-39,There is too much money in it for me to believe them!
R0896,65+,"Honestly, no religious reason, I simply forgot, that is about the size of it!"
R0897,18-39,"No one told me I was even eligible, my church teaches against it, the booking line was engaged every time I rang, I will do it next month, probably."
R0898,18-39,"The drug companies only care about profit, childcare makes a weekday appointment impossible, that is about the size of it!"
R0899,40-64,"To be fair, I keep meaning to book it and forgetting, that is about the size of it."
R0900,18-39,"The receptionist was dismissive and rude, there is too much money in it for me to believe them."
R0901,65+,"If I am honest, my shifts never line up with their opening hours, kept putting it off for no good reason, I heard nothing from anybody about it, anyway, that is my reason."
R0902,40-64,"To be fair, just have not got round to it yet, no one told me I was even eligible!"
R0903,65+,"My shifts never line up with their opening hours, no one told me I was even eligible!"
R0904,65+,"Look, I decided against it deliberately, hard to explain any better than that."
R0905,65+,"If I am honest, kept putting it off for no good reason."
R0906,65+,"I would have had to pay for parking twice over, my GP never brought it up."
R0907,18-39,"My doctor explained it and I was happy, make of that what you will!"
R0908,40-64,"Put it this way, there is no bus out here and I do not drive, hard to explain any better than that!"
R0909,40-64,"Put it this way, they rushed it out to make money, the booking line was engaged every time I rang!"
R0910,40-64,"Truthfully, was made to feel stupid for asking a question!"
R0911,65+,"Could not get the time off work for it, hard to explain any better than that!"
R0912,40-64,"To be fair, my shifts never line up with their opening hours, it is complicated."
R0913,18-39,"The staff were perfectly polite, that is about the size of it!"
R0914,18-39,"The clinic closes at five and I work two jobs, that is about the size of it!"
R0915,40-64,"Look, my doctor explained it and I was happy."
R0916,18-39,"The manufacturers have lied before and got away with it, anyway, that is my reason."
R0917,40-64,"To be fair, the staff were perfectly polite, nothing else to add really."
R0918,40-64,"Well, my GP never brought it up, follow the money and you have your answer, hard to explain any better than that!"
R0919,40-64,"Follow the money and you have your answer, it is on my list, honestly it is."
R0920,40-64,"If I am honest, I just do not think it is necessary, anyway, that is my reason!"
R0921,18-39,"Truthfully, my doctor explained it and I was happy!"
R0922,40-64,"Well, I just do not think it is necessary, hard to explain any better than that!"
R0923,18-39,"Look, no religious reason, I simply forgot, make of that what you will!"
R0924,40-64,"Not one person in the surgery mentioned it, kept putting it off for no good reason!"
R0925,40-64,"To be fair, I keep meaning to book it and forgetting!"
R0926,65+,"If I am honest, it is on my list, honestly it is."
R0927,18-39,"To be fair, I keep meaning to book it and forgetting."
R0928,40-64,"Truthfully, the nearest centre is forty miles away."
R0929,40-64,"The staff were perfectly polite, make of that what you will!"
R0930,40-64,"I heard nothing from anybody about it, kept putting it off for no good reason."
R0931,65+,"If I am honest, nobody ever suggested I should have it, my shifts never line up with their opening hours."
R0932,65+,"Not one person in the surgery mentioned it, nothing else to add really."
R0933,65+,"I felt patronised for the whole visit, I do not trust big pharma, full stop, the booking line was engaged every time I rang, it is complicated."
R0934,18-39,"The booking line was engaged every time I rang, nothing else to add really."
R0935,65+,"The clinic closes at five and I work two jobs, the drug companies only care about profit, anyway, that is my reason."
R0936,18-39,"I will do it next month, probably, the manufacturers have lied before and got away with it, it is complicated."
R0937,65+,"The manufacturers have lied before and got away with it, could not get the time off work for it, it is complicated."
R0938,18-39,"My GP never brought it up, it is on my list, honestly it is!"
R0939,65+,"Follow the money and you have your answer, kept putting it off for no good reason!"
R0940,40-64,"Truthfully, my doctor explained it and I was happy, it is complicated."
R0941,65+,"Look, my church teaches against it."
R0942,65+,"Truthfully, they talked over me like I was not there, the drug companies only care about profit, nothing else to add really!"
R0943,65+,"Look, no one told me I was even eligible!"
R0944,65+,"Well, I will do it next month, probably, hard to explain any better than that!"
R0945,40-64,"Well, my GP never brought it up, it is complicated!"
R0946,65+,"Put it this way, nobody ever suggested I should have it."
R0947,40-64,"Put it this way, there is too much money in it for me to believe them, kept putting it off for no good reason, it is complicated!"
R0948,65+,"To be fair, the booking line was engaged every time I rang, it is complicated."
R0949,18-39,"Look, the drug companies only care about profit, nothing else to add really."
R0950,18-39,"Truthfully, I decided against it deliberately."
R0951,18-39,"They rushed it out to make money, I heard nothing from anybody about it, that is about the size of it."
R0952,18-39,"Honestly, I just do not think it is necessary, hard to explain any better than that!"
R0953,18-39,"Honestly, follow the money and you have your answer, they talked over me like I was not there!"
R0954,40-64,"It is on my list, honestly it is, I heard nothing from anybody about it!"
R0955,18-39,"Honestly, not one person in the surgery mentioned it."
R0956,18-39,"Honestly, childcare makes a weekday appointment impossible, nothing else to add really."
R0957,18-39,"Well, I do not trust big pharma, full stop, the receptionist was dismissive and rude, there is no bus out here and I do not drive, that is about the size of it."
R0958,18-39,"Put it this way, it is on my list, honestly it is!"
R0959,18-39,"Honestly, I decided against it deliberately, anyway, that is my reason."
R0960,40-64,"Well, childcare makes a weekday appointment impossible, that is about the size of it."
R0961,40-64,"Honestly, I would have had to pay for parking twice over."
R0962,65+,"Put it this way, could not get the time off work for it, it is complicated."
R0963,65+,"No one told me I was even eligible, the drug companies only care about profit, anyway, that is my reason."
R0964,18-39,"Truthfully, the booking line was engaged every time I rang!"
R0965,40-64,"Follow the money and you have your answer, it is complicated!"
R0966,65+,"I will do it next month, probably, that is about the size of it."
R0967,65+,"To be fair, there is too much money in it for me to believe them!"
R0968,65+,"Was made to feel stupid for asking a question, there is too much money in it for me to believe them, that is about the size of it."
R0969,65+,"Well, there is too much money in it for me to believe them, could not get the time off work for it, that is about the size of it."
R0970,18-39,"Could not get the time off work for it, it is complicated!"
R0971,40-64,"Put it this way, my GP never brought it up."
R0972,18-39,"Put it this way, I heard nothing from anybody about it, make of that what you will."
R0973,18-39,"Look, my doctor explained it and I was happy, anyway, that is my reason!"
R0974,65+,"To be fair, the nearest centre is forty miles away, make of that what you will!"
R0975,65+,"Put it this way, they rushed it out to make money, nothing else to add really."
R0976,65+,"To be fair, the nearest centre is forty miles away, nothing else to add really!"
R0977,40-64,"Honestly, there is too much money in it for me to believe them."
R0978,65+,The nearest centre is forty miles away!
R0979,18-39,"Kept putting it off for no good reason, could not get the time off work for it, that is about the size of it."
R0980,18-39,"Childcare makes a weekday appointment impossible, it is on my list, honestly it is."
R0981,40-64,"No one told me I was even eligible, nothing else to add really."
R0982,65+,"My GP never brought it up, childcare makes a weekday appointment impossible."
R0983,18-39,"To be fair, the clinic closes at five and I work two jobs, just have not got round to it yet, not one person in the surgery mentioned it, anyway, that is my reason!"
R0984,40-64,"Put it this way, the staff were perfectly polite, hard to explain any better than that!"
R0985,18-39,"Truthfully, I decided against it deliberately, hard to explain any better than that."
R0986,40-64,"Kept putting it off for no good reason, it is complicated."
R0987,40-64,"Look, the clinic closes at five and I work two jobs."
R0988,40-64,"Look, I do not trust big pharma, full stop."
R0989,40-64,"Well, I decided against it deliberately, it is complicated."
R0990,18-39,"To be fair, the nearest centre is forty miles away!"
R0991,40-64,"Well, the drug companies only care about profit, anyway, that is my reason."
R0992,18-39,"If I am honest, there is no bus out here and I do not drive, no one told me I was even eligible."
R0993,18-39,"I do not trust big pharma, full stop, kept putting it off for no good reason, that is about the size of it."
R0994,18-39,"To be fair, the staff were perfectly polite!"
R0995,65+,"There is no bus out here and I do not drive, I will do it next month, probably, nobody ever suggested I should have it, nothing else to add really!"
R0996,65+,"Well, my doctor explained it and I was happy, make of that what you will."
R0997,40-64,"The clinic closes at five and I work two jobs, make of that what you will."
R0998,65+,"Truthfully, childcare makes a weekday appointment impossible, make of that what you will!"
R0999,18-39,"Look, no religious reason, I simply forgot, nothing else to add really."
R1000,40-64,"Was made to feel stupid for asking a question, the clinic closes at five and I work two jobs, hard to explain any better than that."
R1001,40-64,"To be fair, the clinic closes at five and I work two jobs, they rushed it out to make money!"
R1002,65+,"If I am honest, kept putting it off for no good reason, the booking line was engaged every time I rang, anyway, that is my reason!"
R1003,40-64,"If I am honest, I decided against it deliberately, anyway, that is my reason."
R1004,65+,"There is too much money in it for me to believe them, nothing else to add really!"
R1005,18-39,"The manufacturers have lied before and got away with it, anyway, that is my reason!"
R1006,40-64,"Look, just have not got round to it yet, hard to explain any better than that."
R1007,18-39,"Well, the nearest centre is forty miles away!"
R1008,18-39,"Truthfully, I just do not think it is necessary, hard to explain any better than that!"
R1009,40-64,"I will do it next month, probably, make of that what you will!"
R1010,18-39,"Look, I will do it next month, probably, I felt patronised for the whole visit!"
R1011,18-39,"Put it this way, I will do it next month, probably, the drug companies only care about profit."
R1012,18-39,"If I am honest, the drug companies only care about profit."
R1013,65+,"Put it this way, I heard nothing from anybody about it, I will do it next month, probably, that is about the size of it!"
R1014,18-39,"Look, follow the money and you have your answer, kept putting it off for no good reason."
R1015,40-64,"Put it this way, I heard nothing from anybody about it, hard to explain any better than that."
R1016,18-39,"No one told me I was even eligible, childcare makes a weekday appointment impossible, just have not got round to it yet, nothing else to add really!"
R1017,65+,"It is on my list, honestly it is, nobody would explain anything to me properly, make of that what you will."
R1018,40-64,"I heard nothing from anybody about it, it is complicated."
R1019,18-39,"If I am honest, I decided against it deliberately, anyway, that is my reason!"
R1020,18-39,"Put it this way, the receptionist was dismissive and rude, that is about the size of it!"
R1021,40-64,"Put it this way, nobody would explain anything to me properly, kept putting it off for no good reason, that is about the size of it!"
R1022,18-39,"I just do not think it is necessary, that is about the size of it."
R1023,40-64,"Look, the staff were perfectly polite, it is complicated!"
R1024,65+,"Truthfully, the manufacturers have lied before and got away with it, anyway, that is my reason."
R1025,40-64,"Put it this way, I felt patronised for the whole visit, childcare makes a weekday appointment impossible."
R1026,65+,I heard nothing from anybody about it.
R1027,65+,"Honestly, they rushed it out to make money, hard to explain any better than that."
R1028,65+,"Truthfully, I just do not think it is necessary, anyway, that is my reason."
R1029,40-64,"There is too much money in it for me to believe them, it is complicated."
R1030,65+,"To be fair, the clinic closes at five and I work two jobs, hard to explain any better than that."
R1031,40-64,"Well, no one told me I was even eligible, they rushed it out to make money, was made to feel stupid for asking a question, anyway, that is my reason!"
R1032,40-64,"It is on my list, honestly it is, make of that what you will!"
R1033,18-39,"To be fair, the manufacturers have lied before and got away with it."
R1034,65+,"There is too much money in it for me to believe them, I will do it next month, probably, nothing else to add really."
R1035,18-39,"Well, not one person in the surgery mentioned it, I will do it next month, probably."
R1036,40-64,"I would have had to pay for parking twice over, it is complicated."
R1037,40-64,"Look, my doctor explained it and I was happy, it is complicated."
R1038,40-64,"Look, the staff were perfectly polite, that is about the size of it."
R1039,65+,"My church teaches against it, it is complicated."
R1040,18-39,"Follow the money and you have your answer, anyway, that is my reason."
R1041,40-64,"Truthfully, my nurse recommended it twice!"
R1042,18-39,"Look, they rushed it out to make money, could not get the time off work for it, I keep meaning to book it and forgetting."
R1043,65+,"Honestly, no religious reason, I simply forgot!"
R1044,40-64,"Put it this way, nobody would explain anything to me properly!"
R1045,40-64,"To be fair, no one told me I was even eligible, just have not got round to it yet."
R1046,40-64,"Well, no religious reason, I simply forgot, that is about the size of it."
R1047,65+,"Not one person in the surgery mentioned it, that is about the size of it."
R1048,65+,"Truthfully, no religious reason, I simply forgot, nothing else to add really."
R1049,40-64,"It is on my list, honestly it is, hard to explain any better than that."
R1050,65+,"Put it this way, could not get the time off work for it, make of that what you will."
R1051,18-39,"Well, the receptionist was dismissive and rude, make of that what you will!"
R1052,40-64,"Honestly, the manufacturers have lied before and got away with it!"
R1053,18-39,"Truthfully, I heard nothing from anybody about it, make of that what you will."
R1054,18-39,"To be fair, nobody ever suggested I should have it, the booking line was engaged every time I rang, make of that what you will!"
R1055,40-64,"The manufacturers have lied before and got away with it, that is about the size of it!"
R1056,40-64,"Nobody would explain anything to me properly, anyway, that is my reason."
R1057,65+,"It is on my list, honestly it is, that is about the size of it!"
R1058,65+,"Well, no one told me I was even eligible!"
R1059,18-39,"Kept putting it off for no good reason, childcare makes a weekday appointment impossible!"
R1060,40-64,"Honestly, the staff were perfectly polite, anyway, that is my reason."
R1061,65+,"Well, no one told me I was even eligible, it is complicated."
R1062,18-39,"Truthfully, I felt patronised for the whole visit, nothing else to add really."
R1063,40-64,"To be fair, the staff were perfectly polite, anyway, that is my reason!"
R1064,65+,"Well, childcare makes a weekday appointment impossible, it is complicated!"
R1065,65+,"Put it this way, I decided against it deliberately!"
R1066,18-39,"Put it this way, my GP never brought it up, they rushed it out to make money!"
R1067,40-64,"Nobody ever suggested I should have it, the booking line was engaged every time I rang, anyway, that is my reason."
R1068,65+,"Look, just have not got round to it yet."
R1069,18-39,"Honestly, no religious reason, I simply forgot, that is about the size of it."
R1070,40-64,"Honestly, they talked over me like I was not there, nothing else to add really."
R1071,18-39,"Truthfully, no one told me I was even eligible, the nearest centre is forty miles away!"
R1072,40-64,"Well, I keep meaning to book it and forgetting, it is complicated."
R1073,18-39,"Look, my GP never brought it up, nothing else to add really."
R1074,40-64,"I felt patronised for the whole visit, just have not got round to it yet."
R1075,18-39,"Kept putting it off for no good reason, the manufacturers have lied before and got away with it, hard to explain any better than that."
R1076,65+,"If I am honest, nobody would explain anything to me properly, the drug companies only care about profit, that is about the size of it."
R1077,65+,"To be fair, I decided against it deliberately, that is about the size of it."
R1078,65+,"Kept putting it off for no good reason, make of that what you will."
R1079,65+,"If I am honest, childcare makes a weekday appointment impossible."
R1080,40-64,"Truthfully, I keep meaning to book it and forgetting, anyway, that is my reason."
R1081,65+,"Nobody ever suggested I should have it, I will do it next month, probably, the drug companies only care about profit."
R1082,40-64,"Well, I just do not think it is necessary, nothing else to add really!"
R1083,40-64,"Look, the drug companies only care about profit, I will do it next month, probably."
R1084,65+,"Look, could not get the time off work for it."
R1085,18-39,"Well, there is too much money in it for me to believe them."
R1086,40-64,"Honestly, just have not got round to it yet, nothing else to add really."
R1087,18-39,"Honestly, the staff were perfectly polite, make of that what you will."
R1088,65+,"Put it this way, no one told me I was even eligible, there is too much money in it for me to believe them."
R1089,18-39,"Look, the nearest centre is forty miles away."
R1090,18-39,"If I am honest, my doctor explained it and I was happy!"
R1091,18-39,"I heard nothing from anybody about it, the manufacturers have lied before and got away with it."
R1092,65+,"Well, the staff were perfectly polite, hard to explain any better than that!"
R1093,65+,"Truthfully, my shifts never line up with their opening hours, the manufacturers have lied before and got away with it."
R1094,65+,"Put it this way, the clinic closes at five and I work two jobs."
R1095,65+,"I leave these things in God's hands, anyway, that is my reason."
R1096,40-64,"To be fair, my nurse recommended it twice, make of that what you will."
R1097,65+,"Look, childcare makes a weekday appointment impossible, I heard nothing from anybody about it!"
R1098,65+,"Kept putting it off for no good reason, there is no bus out here and I do not drive!"
R1099,18-39,"To be fair, they rushed it out to make money, make of that what you will."
R1100,40-64,"To be fair, follow the money and you have your answer, nothing else to add really!"
R1101,18-39,"The drug companies only care about profit, the nearest centre is forty miles away, nothing else to add really."
R1102,18-39,"My church teaches against it, just have not got round to it yet, hard to explain any better than that."
R1103,40-64,"The clinic closes at five and I work two jobs, not one person in the surgery mentioned it."
R1104,18-39,"Nobody ever suggested I should have it, I would have had to pay for parking twice over."
R1105,40-64,"Honestly, my doctor explained it and I was happy, nothing else to add really!"
R1106,18-39,"Put it this way, no one told me I was even eligible, make of that what you will!"
R1107,18-39,"Just have not got round to it yet, nothing else to add really!"
R1108,40-64,"If I am honest, there is too much money in it for me to believe them!"
R1109,18-39,"Look, they rushed it out to make money, it is on my list, honestly it is, the receptionist was dismissive and rude, it is complicated."
R1110,40-64,"Look, it is on my list, honestly it is, that is about the size of it!"
R1111,18-39,"Well, I do not trust big pharma, full stop!"
R1112,65+,"Look, the nearest centre is forty miles away, the receptionist was dismissive and rude."
R1113,18-39,"Well, the staff were perfectly polite, that is about the size of it!"
R1114,65+,"To be fair, I felt patronised for the whole visit, the manufacturers have lied before and got away with it!"
R1115,18-39,"No one told me I was even eligible, I keep meaning to book it and forgetting, anyway, that is my reason."
R1116,65+,"Well, my nurse recommended it twice, make of that what you will!"
R1117,65+,"Truthfully, I keep meaning to book it and forgetting, nobody ever suggested I should have it, anyway, that is my reason."
R1118,40-64,"If I am honest, the staff were perfectly polite, nothing else to add really."
R1119,40-64,"Well, the staff were perfectly polite, anyway, that is my reason."
R1120,18-39,"Put it this way, the drug companies only care about profit, hard to explain any better than that!"
R1121,65+,"Well, I just do not think it is necessary, it is complicated."
R1122,40-64,"Well, there is no bus out here and I do not drive, nothing else to add really."
R1123,18-39,"Truthfully, my nurse recommended it twice, hard to explain any better than that."
R1124,65+,"The manufacturers have lied before and got away with it, it is complicated."
R1125,18-39,"To be fair, there is no bus out here and I do not drive."
R1126,40-64,"No one told me I was even eligible, there is no bus out here and I do not drive, nothing else to add really!"
R1127,65+,"Follow the money and you have your answer, I will do it next month, probably, childcare makes a weekday appointment impossible!"
R1128,40-64,"Kept putting it off for no good reason, the clinic closes at five and I work two jobs, nobody ever suggested I should have it."
R1129,40-64,"Well, the drug companies only care about profit, I felt patronised for the whole visit, hard to explain any better than that."
R1130,65+,"If I am honest, I keep meaning to book it and forgetting."
R1131,18-39,"My shifts never line up with their opening hours, the manufacturers have lied before and got away with it."
R1132,40-64,"Truthfully, they rushed it out to make money!"
R1133,65+,"Truthfully, there is too much money in it for me to believe them, kept putting it off for no good reason."
R1134,65+,"To be fair, my shifts never line up with their opening hours, I keep meaning to book it and forgetting, it is complicated!"
R1135,40-64,"Well, childcare makes a weekday appointment impossible!"
R1136,18-39,"Honestly, my church teaches against it, no one told me I was even eligible, there is no bus out here and I do not drive, nothing else to add really!"
R1137,40-64,"Well, I decided against it deliberately, nothing else to add really."
R1138,65+,"Just have not got round to it yet, the drug companies only care about profit, nothing else to add really."
R1139,65+,"Put it this way, no religious reason, I simply forgot, hard to explain any better than that!"
R1140,65+,"Put it this way, I decided against it deliberately, make of that what you will!"
R1141,18-39,"I do not trust big pharma, full stop, there is no bus out here and I do not drive."
R1142,18-39,"Truthfully, my nurse recommended it twice, it is complicated!"
R1143,65+,"Honestly, the booking line was engaged every time I rang, anyway, that is my reason!"
R1144,18-39,"They talked over me like I was not there, my shifts never line up with their opening hours, nothing else to add really!"
R1145,18-39,"The manufacturers have lied before and got away with it, my shifts never line up with their opening hours, nothing else to add really."
R1146,65+,"If I am honest, follow the money and you have your answer, hard to explain any better than that!"
R1147,65+,"Put it this way, nobody ever suggested I should have it, nothing else to add really!"
R1148,18-39,"Put it this way, I would have had to pay for parking twice over!"
R1149,18-39,"Just have not got round to it yet, it is complicated!"
R1150,40-64,"Well, there is no bus out here and I do not drive."
R1151,18-39,"To be fair, my GP never brought it up."
R1152,18-39,"Put it this way, the manufacturers have lied before and got away with it, could not get the time off work for it."
R1153,40-64,"Nobody would explain anything to me properly, it is complicated!"
R1154,40-64,"I will do it next month, probably, I would have had to pay for parking twice over!"
R1155,40-64,"There is too much money in it for me to believe them, that is about the size of it!"
R1156,18-39,"To be fair, the staff were perfectly polite, hard to explain any better than that."
R1157,18-39,"Well, nobody ever suggested I should have it, make of that what you will."
R1158,18-39,"If I am honest, follow the money and you have your answer, kept putting it off for no good reason, that is about the size of it."
R1159,40-64,"Look, could not get the time off work for it, anyway, that is my reason!"
R1160,65+,"It is on my list, honestly it is, anyway, that is my reason!"
R1161,65+,"Put it this way, the booking line was engaged every time I rang, my GP never brought it up, anyway, that is my reason."
R1162,65+,"Truthfully, my GP never brought it up, I will do it next month, probably."
R1163,65+,"Well, they rushed it out to make money, hard to explain any better than that!"
R1164,65+,"There is no bus out here and I do not drive, I felt patronised for the whole visit, it is complicated!"
R1165,18-39,"Truthfully, the drug companies only care about profit, make of that what you will."
R1166,65+,"Was made to feel stupid for asking a question, the manufacturers have lied before and got away with it, my GP never brought it up."
R1167,65+,"My doctor explained it and I was happy, hard to explain any better than that!"
R1168,65+,"The clinic closes at five and I work two jobs, that is about the size of it."
R1169,65+,"Truthfully, childcare makes a weekday appointment impossible, nothing else to add really."
R1170,40-64,"To be fair, no religious reason, I simply forgot, hard to explain any better than that."
R1171,65+,"Put it this way, I just do not think it is necessary, nothing else to add really!"
R1172,65+,"Honestly, could not get the time off work for it!"
R1173,40-64,"Nobody ever suggested I should have it, that is about the size of it!"
R1174,18-39,"To be fair, I just do not think it is necessary, make of that what you will."
R1175,40-64,"Truthfully, my doctor explained it and I was happy, it is complicated!"
R1176,18-39,"Put it this way, I would have had to pay for parking twice over, that is about the size of it."
R1177,40-64,"Well, no religious reason, I simply forgot, it is complicated."
R1178,18-39,"They rushed it out to make money, I would have had to pay for parking twice over."
R1179,40-64,"No religious reason, I simply forgot, anyway, that is my reason!"
R1180,18-39,"Well, it is on my list, honestly it is!"
R1181,40-64,"Honestly, no religious reason, I simply forgot, nothing else to add really!"
R1182,65+,"I just do not think it is necessary, that is about the size of it!"
R1183,18-39,"I keep meaning to book it and forgetting, follow the money and you have your answer, nothing else to add really."
R1184,18-39,"If I am honest, I just do not think it is necessary!"
R1185,65+,"Put it this way, no one told me I was even eligible."
R1186,65+,"My nurse recommended it twice, that is about the size of it!"
R1187,65+,"To be fair, the booking line was engaged every time I rang, they rushed it out to make money, hard to explain any better than that."
R1188,65+,"Nobody ever suggested I should have it, it is on my list, honestly it is!"
R1189,40-64,"I do not trust big pharma, full stop, was made to feel stupid for asking a question, I will do it next month, probably, nothing else to add really."
R1190,40-64,"Not one person in the surgery mentioned it, the clinic closes at five and I work two jobs."
R1191,40-64,"Well, no religious reason, I simply forgot, make of that what you will!"
R1192,65+,"To be fair, I do not trust big pharma, full stop, that is about the size of it."
R1193,18-39,"If I am honest, the booking line was engaged every time I rang, there is too much money in it for me to believe them, nothing else to add really."
R1194,65+,"If I am honest, no religious reason, I simply forgot, hard to explain any better than that!"
R1195,40-64,"No one told me I was even eligible, hard to explain any better than that!"
R1196,65+,"If I am honest, they rushed it out to make money."
R1197,18-39,"Truthfully, they talked over me like I was not there, hard to explain any better than that."
R1198,40-64,"If I am honest, my nurse recommended it twice, nothing else to add really."
R1199,40-64,"Truthfully, I heard nothing from anybody about it, there is too much money in it for me to believe them."
R1200,40-64,"If I am honest, the booking line was engaged every time I rang!"
